title,topic,difficulty,description,starter_code,solution,hint
First GET Request,Requests Basics,Easy,Import the requests library and send a GET request to https://httpbin.org/get. Print only the status code.,import requests; # Your code here,"import requests; response=requests.get(""https://httpbin.org/get""); print(response.status_code)",requests.get() returns a Response object.
Print Response Body,Requests Basics,Easy,Send a GET request to https://httpbin.org/get and print the response body as text.,import requests; # Your code here,"import requests; response=requests.get(""https://httpbin.org/get""); print(response.text)",Use the .text attribute.
Parse JSON Response,JSON,Easy,Request https://httpbin.org/json and convert the response into a Python dictionary. Print the dictionary.,import requests; # Your code here,"import requests; response=requests.get(""https://httpbin.org/json""); data=response.json(); print(data)",Use response.json().
Extract JSON Field,JSON,Easy,Retrieve https://jsonplaceholder.typicode.com/todos/1 and print only the value of the title key.,import requests; # Your code here,"import requests; response=requests.get(""https://jsonplaceholder.typicode.com/todos/1""); print(response.json()[""title""])",JSON objects become Python dictionaries.
Check Status Code,Response Object,Easy,"Send a GET request to https://httpbin.org/get. Print True if the status code is 200, otherwise False.",import requests; # Your code here,"import requests; response=requests.get(""https://httpbin.org/get""); print(response.status_code==200)",Compare response.status_code.
Print Response Headers,Response Object,Easy,Print all headers returned by https://httpbin.org/get.,import requests; # Your code here,"import requests; response=requests.get(""https://httpbin.org/get""); print(response.headers)",Headers behave like a dictionary.
Send Custom Header,Headers,Easy,Send a GET request to https://httpbin.org/headers with User-Agent set to CodeDojo. Print the JSON response.,import requests; # Your code here,"import requests; headers={""User-Agent"":""CodeDojo""}; response=requests.get(""https://httpbin.org/headers"",headers=headers); print(response.json())",Pass custom headers using the headers argument.
Send Query Parameter,Query Parameters,Easy,Send a GET request to https://httpbin.org/get with query parameter language=python. Print the JSON response.,import requests; # Your code here,"import requests; params={""language"":""python""}; response=requests.get(""https://httpbin.org/get"",params=params); print(response.json())",Use the params argument.
Multiple Query Parameters,Query Parameters,Easy,Send a GET request with query parameters page=2 and limit=50 to https://httpbin.org/get. Print the JSON response.,import requests; # Your code here,"import requests; params={""page"":2,""limit"":50}; response=requests.get(""https://httpbin.org/get"",params=params); print(response.json())",params accepts a dictionary.
Handle Connection Error,Exception Handling,Easy,Attempt to send a GET request to https://invalid.example. Catch any RequestException and print Connection Failed.,import requests; # Your code here,"import requests; import requests.exceptions; try: requests.get(""https://invalid.example""); except requests.exceptions.RequestException: print(""Connection Failed"")",Wrap network requests inside try/except.
Request with Timeout,Timeouts,Easy,Send a GET request to https://httpbin.org/delay/2 with a timeout of 5 seconds. Print the status code.,import requests; # Your code here,"import requests; response=requests.get(""https://httpbin.org/delay/2"", timeout=5); print(response.status_code)",Use the timeout parameter.
Handle Timeout Exception,Exception Handling,Easy,Send a GET request to https://httpbin.org/delay/5 with a timeout of 1 second. Catch a timeout exception and print Request Timed Out.,import requests; # Your code here,"import requests; from requests.exceptions import Timeout; try: requests.get(""https://httpbin.org/delay/5"", timeout=1); except Timeout: print(""Request Timed Out"")",Catch requests.exceptions.Timeout.
Raise for Status,Response Object,Easy,Request https://httpbin.org/status/404. Use raise_for_status() and print HTTP Error if an exception occurs.,import requests; # Your code here,"import requests; from requests.exceptions import HTTPError; try: response=requests.get(""https://httpbin.org/status/404""); response.raise_for_status(); except HTTPError: print(""HTTP Error"")",raise_for_status() raises an exception for 4xx and 5xx responses.
Follow Redirect,Redirects,Easy,Send a GET request to https://httpbin.org/redirect/1 and print the final URL after the redirect.,import requests; # Your code here,"import requests; response=requests.get(""https://httpbin.org/redirect/1""); print(response.url)",Requests follows redirects automatically.
Disable Redirects,Redirects,Medium,Send a GET request to https://httpbin.org/redirect/1 without following redirects. Print the returned status code.,import requests; # Your code here,"import requests; response=requests.get(""https://httpbin.org/redirect/1"", allow_redirects=False); print(response.status_code)",Use allow_redirects=False.
POST JSON Data,POST Requests,Easy,"Send a POST request to https://httpbin.org/post with JSON {""name"":""John"",""age"":25} and print the returned JSON.",import requests; # Your code here,"import requests; payload={""name"":""John"",""age"":25}; response=requests.post(""https://httpbin.org/post"", json=payload); print(response.json())",Use the json= parameter.
POST Form Data,POST Requests,Easy,Send a POST request to https://httpbin.org/post with form fields username=admin and password=secret. Print the returned JSON.,import requests; # Your code here,"import requests; data={""username"":""admin"",""password"":""secret""}; response=requests.post(""https://httpbin.org/post"", data=data); print(response.json())",Use data= for form submissions.
Basic Authentication,Authentication,Medium,Send a GET request to https://httpbin.org/basic-auth/user/pass using username user and password pass. Print the returned JSON.,import requests; # Your code here,"import requests; response=requests.get(""https://httpbin.org/basic-auth/user/pass"", auth=(""user"",""pass"")); print(response.json())",Pass credentials using the auth argument.
Bearer Token Header,Authentication,Medium,Send a GET request to https://httpbin.org/bearer with the bearer token abc123. Print the returned JSON.,import requests; # Your code here,"import requests; headers={""Authorization"":""Bearer abc123""}; response=requests.get(""https://httpbin.org/bearer"", headers=headers); print(response.json())",Authorization headers usually begin with Bearer.
Create a GET Helper Function,Functions,Medium,Write a function fetch(url) that sends a GET request to any URL and returns the JSON response. Demonstrate it using https://httpbin.org/get.,import requests; def fetch(url): pass,"import requests; def fetch(url): return requests.get(url).json(); print(fetch(""https://httpbin.org/get""))",Return response.json() from the function.
Update Resource with PUT,PUT Requests,Medium,"Send a PUT request to https://httpbin.org/put with JSON {""name"":""Alice"",""city"":""Delhi""}. Print the returned JSON.",import requests; # Your code here,"import requests; payload={""name"":""Alice"",""city"":""Delhi""}; response=requests.put(""https://httpbin.org/put"",json=payload); print(response.json())",PUT replaces an existing resource.
Update Resource with PATCH,PATCH Requests,Medium,"Send a PATCH request to https://httpbin.org/patch updating only the field city=""Mumbai"". Print the response JSON.",import requests; # Your code here,"import requests; payload={""city"":""Mumbai""}; response=requests.patch(""https://httpbin.org/patch"",json=payload); print(response.json())",PATCH updates selected fields only.
Delete a Resource,DELETE Requests,Medium,Send a DELETE request to https://httpbin.org/delete and print the returned JSON.,import requests; # Your code here,"import requests; response=requests.delete(""https://httpbin.org/delete""); print(response.json())",Use requests.delete().
Inspect Cookies,Cookies,Medium,Request https://httpbin.org/cookies/set?username=gautam and print the cookies stored in the response object.,import requests; # Your code here,"import requests; response=requests.get(""https://httpbin.org/cookies/set?username=gautam""); print(response.cookies.get_dict())",Response cookies can be converted to a dictionary.
Use a Session,Sessions,Medium,Create a Session object and use it to request https://httpbin.org/get. Print the status code.,import requests; # Your code here,"import requests; session=requests.Session(); response=session.get(""https://httpbin.org/get""); print(response.status_code)",requests.Session() reuses connections.
Session with Default Headers,Sessions,Medium,Create a Session with the header User-Agent=CodeDojo. Request https://httpbin.org/headers and print the returned JSON.,import requests; # Your code here,"import requests; session=requests.Session(); session.headers.update({""User-Agent"":""CodeDojo""}); response=session.get(""https://httpbin.org/headers""); print(response.json())",Update session headers once instead of passing them every request.
Download a Text File,File Downloads,Medium,Download the robots.txt file from https://httpbin.org/robots.txt and print its contents.,import requests; # Your code here,"import requests; response=requests.get(""https://httpbin.org/robots.txt""); print(response.text)",Most text files can be accessed using .text.
Save Downloaded File,File Downloads,Medium,Download https://httpbin.org/robots.txt and save it as robots.txt.,import requests; # Your code here,"import requests; response=requests.get(""https://httpbin.org/robots.txt""); open(""robots.txt"",""w"",encoding=""utf-8"").write(response.text)",Use Python's open() function.
Upload a File,File Uploads,Medium,Upload a file named sample.txt to https://httpbin.org/post using multipart form-data. Print the returned JSON.,import requests; # Your code here,"import requests; files={""file"":open(""sample.txt"",""rb"")}; response=requests.post(""https://httpbin.org/post"",files=files); print(response.json())",Pass uploaded files using the files parameter.
Stream a Large Download,Streaming,Medium,Download https://httpbin.org/stream-bytes/10240 using streaming and save it as output.bin.,import requests; # Your code here,"import requests; response=requests.get(""https://httpbin.org/stream-bytes/10240"",stream=True); f=open(""output.bin"",""wb""); [f.write(chunk) for chunk in response.iter_content(1024) if chunk]; f.close()",Use stream=True together with iter_content().
Disable SSL Verification,SSL,Medium,Send a GET request to https://self-signed.badssl.com/ without verifying the SSL certificate. Print the status code.,import requests; # Your code here,"import requests; response=requests.get(""https://self-signed.badssl.com/"",verify=False); print(response.status_code)",The verify parameter controls SSL verification.
Check Response Encoding,Response Object,Medium,Request https://httpbin.org/encoding/utf8 and print the response encoding.,import requests; # Your code here,"import requests; response=requests.get(""https://httpbin.org/encoding/utf8""); print(response.encoding)",Every Response object has an encoding attribute.
Change Response Encoding,Response Object,Medium,"Request https://httpbin.org/encoding/utf8, change the encoding to UTF-8 manually, and print the text.",import requests; # Your code here,"import requests; response=requests.get(""https://httpbin.org/encoding/utf8""); response.encoding=""utf-8""; print(response.text)",You can manually modify response.encoding.
Read API Key from Environment Variable,Authentication,Medium,"Read the environment variable API_KEY, include it as an x-api-key header, and request https://httpbin.org/headers. Print the JSON response.","import requests, os; # Your code here","import requests, os; headers={""x-api-key"":os.getenv(""API_KEY"")}; response=requests.get(""https://httpbin.org/headers"",headers=headers); print(response.json())",Never hardcode API keys.
Send Request Through Proxy,Networking,Hard,Configure a proxy dictionary and pass it to a GET request to https://httpbin.org/get.,import requests; # Your code here,"import requests; proxies={""http"":""http://localhost:8080"",""https"":""http://localhost:8080""}; response=requests.get(""https://httpbin.org/get"",proxies=proxies); print(response.status_code)",Use the proxies parameter.
Retry Failed Requests,Retry Logic,Hard,Create a Session with an HTTPAdapter that retries failed requests three times before failing. Request https://httpbin.org/status/500.,import requests; # Your code here,"import requests; from requests.adapters import HTTPAdapter; from urllib3.util.retry import Retry; retry=Retry(total=3); adapter=HTTPAdapter(max_retries=retry); session=requests.Session(); session.mount(""https://"",adapter); response=session.get(""https://httpbin.org/status/500""); print(response.status_code)",Use Retry together with HTTPAdapter.
Configure Connection Pool,Sessions,Hard,Create a Session using an HTTPAdapter with a connection pool size of 20. Print the Session object.,import requests; # Your code here,"import requests; from requests.adapters import HTTPAdapter; adapter=HTTPAdapter(pool_connections=20,pool_maxsize=20); session=requests.Session(); session.mount(""https://"",adapter); print(session)",HTTPAdapter manages connection pooling.
Log Request Details,Debugging,Medium,"Print the request URL, request headers, response status code, and response headers after requesting https://httpbin.org/get.",import requests; # Your code here,"import requests; response=requests.get(""https://httpbin.org/get""); print(response.request.url); print(response.request.headers); print(response.status_code); print(response.headers)",The original Request object is available through response.request.
Create an API Client Class,OOP,Hard,Create a class APIClient that stores a Session object. Implement a method get(url) that returns the JSON response. Demonstrate it using https://httpbin.org/get.,import requests; class APIClient: pass,"import requests; class APIClient:\n def __init__(self): self.session=requests.Session()\n def get(self,url): return self.session.get(url).json(); client=APIClient(); print(client.get(""https://httpbin.org/get""))",Encapsulating requests inside a class improves reusability.
Generic Request Wrapper,Best Practices,Hard,"Write a function request_json(method, url, **kwargs) that sends any HTTP request and returns the parsed JSON response. Demonstrate it using a GET request to https://httpbin.org/get.",import requests; # Your code here,"import requests; def request_json(method,url,**kwargs): return requests.request(method,url,**kwargs).json(); print(request_json(""GET"",""https://httpbin.org/get""))",requests.request() supports every HTTP method.
Get All Posts,JSONPlaceholder API,Easy,Request https://jsonplaceholder.typicode.com/posts and print the total number of posts returned.,import requests; # Your code here,"import requests; response=requests.get(""https://jsonplaceholder.typicode.com/posts""); print(len(response.json()))",The API returns a list of dictionaries.
Get User by ID,JSONPlaceholder API,Easy,Retrieve user with ID 5 from JSONPlaceholder and print the user's name.,import requests; # Your code here,"import requests; response=requests.get(""https://jsonplaceholder.typicode.com/users/5""); print(response.json()[""name""])",Access a single resource using /users/5.
Filter Posts by User,JSONPlaceholder API,Easy,Retrieve all posts created by user ID 3 and print the number of posts.,import requests; # Your code here,"import requests; response=requests.get(""https://jsonplaceholder.typicode.com/posts"",params={""userId"":3}); print(len(response.json()))",Use query parameters with params=.
Create a New Post,JSONPlaceholder API,Medium,"Create a new post with title Learning Requests, body CodeDojo Practice, and userId 1. Print the returned JSON.",import requests; # Your code here,"import requests; payload={""title"":""Learning Requests"",""body"":""CodeDojo Practice"",""userId"":1}; response=requests.post(""https://jsonplaceholder.typicode.com/posts"",json=payload); print(response.json())",Use json= to send the payload.
Update a Post,JSONPlaceholder API,Medium,Update post ID 1 by changing its title to Updated Title using a PUT request. Print the response JSON.,import requests; # Your code here,"import requests; payload={""id"":1,""title"":""Updated Title"",""body"":""Updated"",""userId"":1}; response=requests.put(""https://jsonplaceholder.typicode.com/posts/1"",json=payload); print(response.json())",PUT replaces the resource.
Delete a Post,JSONPlaceholder API,Medium,Delete post ID 1 and print the returned status code.,import requests; # Your code here,"import requests; response=requests.delete(""https://jsonplaceholder.typicode.com/posts/1""); print(response.status_code)",Successful DELETE requests usually return 200 or 204.
Get Country Information,REST Countries API,Medium,Request information about India from https://restcountries.com/v3.1/name/india and print the capital city.,import requests; # Your code here,"import requests; response=requests.get(""https://restcountries.com/v3.1/name/india""); print(response.json()[0][""capital""][0])",The API returns a list of matching countries.
List Country Currencies,REST Countries API,Medium,Retrieve information about Japan and print all currency codes used by the country.,import requests; # Your code here,"import requests; response=requests.get(""https://restcountries.com/v3.1/name/japan""); print(list(response.json()[0][""currencies""].keys()))",The currencies field is a dictionary.
Get Current Weather,Open-Meteo API,Medium,"Retrieve the current weather for Delhi (latitude 28.61, longitude 77.20) using the Open-Meteo API and print the current temperature.",import requests; # Your code here,"import requests; params={""latitude"":28.61,""longitude"":77.20,""current_weather"":True}; response=requests.get(""https://api.open-meteo.com/v1/forecast"",params=params); print(response.json()[""current_weather""][""temperature""])",Use query parameters for latitude and longitude.
Random Dog Image,Public APIs,Medium,Retrieve a random dog image from https://dog.ceo/api/breeds/image/random and print the image URL.,import requests; # Your code here,"import requests; response=requests.get(""https://dog.ceo/api/breeds/image/random""); print(response.json()[""message""])",Most image APIs return the image URL inside the JSON response.
Get User Profile,GitHub API,Easy,Retrieve the GitHub profile for the user torvalds and print the user's name.,import requests; # Your code here,"import requests; response=requests.get(""https://api.github.com/users/torvalds""); print(response.json()[""name""])",GitHub user profiles are available at /users/{username}.
Count Public Repositories,GitHub API,Easy,Retrieve the profile for microsoft and print the number of public repositories.,import requests; # Your code here,"import requests; response=requests.get(""https://api.github.com/users/microsoft""); print(response.json()[""public_repos""])",Look for the public_repos field.
List Repository Names,GitHub API,Easy,Retrieve the first page of repositories for the user psf and print each repository name.,import requests; # Your code here,"import requests; response=requests.get(""https://api.github.com/users/psf/repos""); [print(repo[""name""]) for repo in response.json()]",The endpoint returns a list of repositories.
Get Repository Information,GitHub API,Medium,Retrieve information about the repository python/cpython and print its default branch.,import requests; # Your code here,"import requests; response=requests.get(""https://api.github.com/repos/python/cpython""); print(response.json()[""default_branch""])",Repository details are under /repos/{owner}/{repo}.
Print Stargazer Count,GitHub API,Medium,Retrieve the repository pallets/flask and print the number of stars.,import requests; # Your code here,"import requests; response=requests.get(""https://api.github.com/repos/pallets/flask""); print(response.json()[""stargazers_count""])",Stars are stored in stargazers_count.
Search Python Repositories,GitHub Search API,Medium,Search GitHub repositories with the keyword python and print the name of the first repository returned.,import requests; # Your code here,"import requests; response=requests.get(""https://api.github.com/search/repositories"",params={""q"":""python""}); print(response.json()[""items""][0][""full_name""])",Search results are inside the items list.
List Contributors,GitHub API,Medium,Retrieve the contributors for python/cpython and print the login of the first contributor.,import requests; # Your code here,"import requests; response=requests.get(""https://api.github.com/repos/python/cpython/contributors""); print(response.json()[0][""login""])",Contributors are returned as a list.
List Repository Languages,GitHub API,Medium,Retrieve the programming languages used in pallets/flask and print the language names.,import requests; # Your code here,"import requests; response=requests.get(""https://api.github.com/repos/pallets/flask/languages""); print(list(response.json().keys()))",The languages endpoint returns a dictionary.
List Recent Commits,GitHub API,Medium,Retrieve the latest commits for python/cpython and print the SHA of the first commit.,import requests; # Your code here,"import requests; response=requests.get(""https://api.github.com/repos/python/cpython/commits""); print(response.json()[0][""sha""])",Commits are returned as a list of dictionaries.
Paginate Repository Results,GitHub API,Hard,Retrieve only five repositories for the user psf by using query parameters. Print the number of repositories returned.,import requests; # Your code here,"import requests; response=requests.get(""https://api.github.com/users/psf/repos"",params={""per_page"":5}); print(len(response.json()))",GitHub pagination uses the per_page parameter.
List Open Issues,GitHub API,Medium,Retrieve the open issues for microsoft/vscode and print the title of the first issue.,import requests; # Your code here,"import requests; response=requests.get(""https://api.github.com/repos/microsoft/vscode/issues""); print(response.json()[0][""title""])",Issues are returned as a list of dictionaries.
Count Open Pull Requests,GitHub API,Medium,Retrieve the pull requests for python/cpython and print the number returned on the first page.,import requests; # Your code here,"import requests; response=requests.get(""https://api.github.com/repos/python/cpython/pulls""); print(len(response.json()))",Pull requests have their own endpoint.
Get Latest Release,GitHub API,Medium,Retrieve the latest release of cli/cli and print its tag name.,import requests; # Your code here,"import requests; response=requests.get(""https://api.github.com/repos/cli/cli/releases/latest""); print(response.json()[""tag_name""])",Use the /releases/latest endpoint.
List Repository Branches,GitHub API,Medium,Retrieve all branches of python/cpython and print the first branch name.,import requests; # Your code here,"import requests; response=requests.get(""https://api.github.com/repos/python/cpython/branches""); print(response.json()[0][""name""])",Each branch object contains a name field.
List Repository Tags,GitHub API,Medium,Retrieve the tags for python/cpython and print the first tag name.,import requests; # Your code here,"import requests; response=requests.get(""https://api.github.com/repos/python/cpython/tags""); print(response.json()[0][""name""])",Tags are returned as a list.
Read Repository Topics,GitHub API,Hard,Retrieve the repository topics for pallets/flask and print the list of topic names.,import requests; # Your code here,"import requests; headers={""Accept"":""application/vnd.github+json""}; response=requests.get(""https://api.github.com/repos/pallets/flask/topics"",headers=headers); print(response.json()[""names""])",Some GitHub endpoints require a custom Accept header.
Check API Rate Limit,GitHub API,Medium,Request the GitHub rate limit endpoint and print the number of remaining requests.,import requests; # Your code here,"import requests; response=requests.get(""https://api.github.com/rate_limit""); print(response.json()[""rate""][""remaining""])",Look inside the rate object.
Authenticate with Personal Access Token,Authentication,Hard,"Read the environment variable GITHUB_TOKEN, send it as a Bearer token, retrieve your GitHub profile (/user), and print your login.","import requests, os; # Your code here","import requests, os; headers={""Authorization"":f""Bearer {os.getenv('GITHUB_TOKEN')}""}; response=requests.get(""https://api.github.com/user"",headers=headers); print(response.json()[""login""])",Never hardcode personal access tokens.
Use Conditional Requests,GitHub API,Hard,"Request the repository python/cpython, extract the ETag response header, then repeat the request using the If-None-Match header and print the second response status code.",import requests; # Your code here,"import requests; response=requests.get(""https://api.github.com/repos/python/cpython""); etag=response.headers.get(""ETag""); response2=requests.get(""https://api.github.com/repos/python/cpython"",headers={""If-None-Match"":etag}); print(response2.status_code)",Conditional requests help reduce API usage.
Build a GitHub Client,OOP,Hard,"Create a GitHubClient class that stores a Session object and implements a method get_repo(owner, repo) returning the repository JSON. Demonstrate it using python/cpython.",import requests; class GitHubClient: pass,"import requests; class GitHubClient:\n def __init__(self): self.session=requests.Session()\n def get_repo(self,owner,repo): return self.session.get(f""https://api.github.com/repos/{owner}/{repo}"").json(); client=GitHubClient(); print(client.get_repo(""python"",""cpython"")[""full_name""])",Encapsulate repeated request logic inside a class.
Paginate Through Results,Pagination,Medium,Retrieve the first two pages of repositories for the user psf (5 repositories per page) and print the total number of repositories collected.,import requests; # Your code here,"import requests; repos=[]; [repos.extend(requests.get(""https://api.github.com/users/psf/repos"",params={""page"":p,""per_page"":5}).json()) for p in (1,2)]; print(len(repos))",Use both page and per_page.
Loop Until No Results,Pagination,Hard,Continuously request repositories for psf until an empty page is returned. Print the total number of repositories retrieved.,import requests; # Your code here,"import requests; repos=[]; page=1; while True: data=requests.get(""https://api.github.com/users/psf/repos"",params={""page"":page,""per_page"":100}).json(); if not data: break; repos.extend(data); page+=1; print(len(repos))",Stop when the API returns an empty list.
Handle Rate Limit (429),Error Handling,Hard,"Write code that checks if a response has status code 429. If so, print Rate limit exceeded; otherwise print the status code.",import requests; # Your code here,"import requests; response=requests.get(""https://httpbin.org/status/429""); print(""Rate limit exceeded"" if response.status_code==429 else response.status_code)",Always inspect status_code.
Retry with Exponential Backoff,Retry Logic,Hard,"Retry a failing request up to 3 times using delays of 1, 2, and 4 seconds before giving up.","import requests,time; # Your code here","import requests,time; delay=1; response=None; for _ in range(3): response=requests.get(""https://httpbin.org/status/500""); if response.ok: break; time.sleep(delay); delay*=2; print(response.status_code)",Double the delay after each failed attempt.
Fetch Multiple URLs,Batch Requests,Medium,"Given a list of JSONPlaceholder post URLs, retrieve each one and print the title.",import requests; urls=[],"import requests; urls=[""https://jsonplaceholder.typicode.com/posts/1"",""https://jsonplaceholder.typicode.com/posts/2""]; [print(requests.get(url).json()[""title""]) for url in urls]",Iterate over a list of URLs.
Parallel API Requests,Concurrency,Hard,Use ThreadPoolExecutor to fetch three JSONPlaceholder posts concurrently and print their titles.,import requests; # Your code here,"import requests; from concurrent.futures import ThreadPoolExecutor; urls=[f""https://jsonplaceholder.typicode.com/posts/{i}"" for i in range(1,4)]; fetch=lambda u: requests.get(u).json()[""title""]; with ThreadPoolExecutor() as ex: [print(t) for t in ex.map(fetch,urls)]",Use ThreadPoolExecutor.map().
Parse Nested JSON,JSON Parsing,Medium,Retrieve https://api.github.com/repos/python/cpython and print the owner's login.,import requests; # Your code here,"import requests; response=requests.get(""https://api.github.com/repos/python/cpython""); print(response.json()[""owner""][""login""])",Access nested dictionaries using chained keys.
Cache API Responses,Best Practices,Hard,Create a dictionary cache so repeated requests to the same URL do not trigger another HTTP request.,import requests; cache={},"import requests; cache={}; def get_json(url):\n if url not in cache: cache[url]=requests.get(url).json();\n return cache[url]; print(get_json(""https://jsonplaceholder.typicode.com/posts/1"")[""id""])",Store responses using the URL as the key.
Generic REST Client,OOP,Hard,"Build a RestClient class with get(), post(), put(), and delete() methods using a shared Session object.",import requests; class RestClient: pass,"import requests; class RestClient:\n def __init__(self): self.session=requests.Session()\n def get(self,url,**k): return self.session.get(url,**k)\n def post(self,url,**k): return self.session.post(url,**k)\n def put(self,url,**k): return self.session.put(url,**k)\n def delete(self,url,**k): return self.session.delete(url,**k)",Centralize common HTTP operations in one class.
Build a Reusable API Module,Project Structure,Hard,Create a reusable API module that stores the base URL in the constructor and automatically prefixes all endpoints. Demonstrate it using JSONPlaceholder.,import requests; class APIClient: pass,"import requests; class APIClient:\n def __init__(self,base_url): self.base_url=base_url; self.session=requests.Session()\n def get(self,endpoint): return self.session.get(self.base_url+endpoint).json(); client=APIClient(""https://jsonplaceholder.typicode.com""); print(client.get(""/posts/1"")[""title""])",Store the base URL once and reuse it for every request.
Read Zoho Credentials from Streamlit,Streamlit,Easy,"Read the Zoho Client ID, Client Secret and Refresh Token from three Streamlit text inputs and print the Client ID.",import streamlit as st,"import streamlit as st; cid=st.text_input(""Client ID""); secret=st.text_input(""Client Secret"",type=""password""); refresh=st.text_input(""Refresh Token"",type=""password""); st.write(cid)",Never hardcode credentials.
Generate OAuth Access Token,OAuth2,Medium,Exchange a refresh token for an access token using Zoho Accounts OAuth. Print the access token.,import requests,"import requests; payload={""refresh_token"":REFRESH_TOKEN,""client_id"":CLIENT_ID,""client_secret"":CLIENT_SECRET,""grant_type"":""refresh_token""}; r=requests.post(TOKEN_URL,data=payload); print(r.json()[""access_token""])","Zoho OAuth uses form data, not JSON."
Build Authorization Header,Authentication,Easy,"Given an access token, build the Authorization header for future API requests.","token=""...""","headers={""Authorization"":f""Zoho-oauthtoken {token}""}",Most Zoho APIs expect this exact format.
Validate Access Token,OAuth2,Medium,Request a simple Zoho endpoint using an access token and print the status code.,import requests,"import requests; r=requests.get(URL,headers=headers); print(r.status_code)",A 401 usually indicates an expired or invalid token.
Refresh Token Automatically,OAuth2,Hard,"Write a function that checks if a request returned 401. If so, generate a new access token and retry the request once.",import requests,def request(url): ...,This pattern appears in many production integrations.
Create a Reusable Zoho Session,Sessions,Medium,Create a Session object that stores the Authorization header once and reuse it for future requests.,import requests,session=requests.Session(); session.headers.update(headers),Sessions avoid repeatedly passing headers.
Parse Zoho JSON Response,JSON Parsing,Medium,"Given a Zoho API response containing nested dictionaries, extract a specified field and print it.",import requests,"data=requests.get(URL,headers=headers).json(); print(data[""data""][0][""name""])",Many Zoho APIs nest records inside a data array.
Handle Zoho API Errors,Error Handling,Medium,"If the response contains an error key, print the error message; otherwise print Success.",import requests,"data=response.json(); print(data[""error""][""message""] if ""error"" in data else ""Success"")",Don't rely only on the status code.
Build a ZohoClient Class,OOP,Hard,"Create a ZohoClient class that stores credentials, refreshes tokens, and exposes a generic get() method.",class ZohoClient: pass,class ZohoClient: ...,Centralize token management in one place.
List Workspaces (Mock),Zoho Analytics,Hard,"Using your ZohoClient, retrieve the list of Zoho Analytics workspaces and print each workspace name.",client=ZohoClient(...),"response=client.get(""/workspaces""); ...",This prepares you for real Zoho Analytics automation.
Exchange Refresh Token,OAuth,Easy,Use a Zoho refresh token to obtain a new access token and print it.,import requests,"import requests; data={""grant_type"":""refresh_token"",""client_id"":CLIENT_ID,""client_secret"":CLIENT_SECRET,""refresh_token"":REFRESH_TOKEN}; r=requests.post(TOKEN_URL,data=data); print(r.json()[""access_token""])","Zoho expects form data, not JSON."
Build Analytics Headers,Authentication,Easy,Build the headers required for Zoho Analytics API calls using an access token and Organization ID.,"token=""""","headers={""Authorization"":f""Zoho-oauthtoken {token}"",""ZANALYTICS-ORGID"":ORG_ID}",Nearly every Analytics request uses these headers.
Create a Session,requests.Session,Medium,Create a requests.Session object that automatically sends the Zoho authorization headers.,import requests,import requests; s=requests.Session(); s.headers.update(headers),Sessions prevent repeating headers.
Generate Date Batches,Datetime,Medium,"Given a start date, end date, and batch size in days, generate a list of (start,end) date ranges.","from datetime import datetime,timedelta","from datetime import datetime,timedelta; ranges=[]; start=datetime.strptime(""2026-01-01"",""%Y-%m-%d""); end=datetime.strptime(""2026-01-31"",""%Y-%m-%d""); step=6;",This mirrors your deletion script.
Delete Records by Criteria,Zoho Analytics,Medium,Build the payload required to delete rows between two dates using a criteria string.,"criteria=""""","criteria='(""Date"">=""2026-01-01"" AND ""Date""<=""2026-01-06"")'; payload={""CONFIG"":json.dumps({""criteria"":criteria})}",Zoho deletion relies on criteria expressions.
Refresh Token Automatically,OAuth,Hard,Write a helper function that automatically refreshes the access token when the API returns HTTP 401.,def api_get(...):,def api_get(url): ...,Production integrations should never require manually updating tokens.
Import CSV to Zoho Analytics,Zoho Import API,Hard,Upload an in-memory CSV (StringIO) to a Zoho Analytics table using multipart form-data.,from io import StringIO,"csv_buffer=StringIO(); ...; requests.post(IMPORT_URL,headers=headers,files={""FILE"":(""data.csv"",csv_buffer.getvalue())},data={""CONFIG"":json.dumps(config)})",Your BeautyFort notebook follows this pattern.
Build Import Configuration,JSON,Medium,"Create the CONFIG JSON specifying importType, autoIdentify, onError, and dateFormat.",config={},"config={""importType"":""append"",""autoIdentify"":True,""onError"":""abort"",""dateFormat"":""yyyy-MM-dd""}",Zoho import behaviour is driven by CONFIG.
Parse Import Response,JSON Parsing,Medium,Parse the JSON response from a successful import and print the number of imported rows.,response.json(),"data=response.json(); print(data[""response""][""result""].get(""rowsImported""))",Learn to safely navigate nested dictionaries.
Build a ZohoAnalyticsClient,OOP,Hard,"Implement a ZohoAnalyticsClient class that stores credentials, refreshes tokens, and exposes get(), post(), delete(), and import_csv() methods.",class ZohoAnalyticsClient:,class ZohoAnalyticsClient: ...,This becomes the foundation for every later exercise.
Build Analytics Import URL,Zoho Analytics,Easy,"Construct the Zoho Analytics Import API URL given the data center, workspace name, and table name.","dc=""com""","dc=""com""; url=f""https://analyticsapi.zoho.{dc}/restapi/v2/workspaces/{WORKSPACE}/views/{TABLE}/data""",Use f-strings to build reusable URLs.
Create CONFIG JSON,Zoho Import API,Easy,"Build a CONFIG dictionary with importType=""append"", autoIdentify=True, onError=""abort"" and convert it to JSON.",import json,"import json; config=json.dumps({""importType"":""append"",""autoIdentify"":True,""onError"":""abort""})",Zoho expects CONFIG as a JSON string.
Create CSV in Memory,StringIO,Medium,Convert a pandas DataFrame into an in-memory CSV using StringIO.,import pandas as pd,"import pandas as pd; from io import StringIO; buf=StringIO(); df.to_csv(buf,index=False); print(buf.getvalue())",Avoid writing temporary files.
Upload CSV using Multipart Form,requests,Medium,Upload an in-memory CSV to Zoho Analytics using files= and data=.,import requests,"requests.post(URL,headers=headers,data={""CONFIG"":config},files={""FILE"":(""data.csv"",buf.getvalue())})","Use multipart form-data, not JSON."
Import Replace Instead of Append,Zoho Analytics,Easy,Modify the CONFIG so that imported data replaces the existing table.,config={},"config={""importType"":""truncateadd""}",Replace is useful for full refresh pipelines.
Chunk a Large DataFrame,pandas,Medium,Split a DataFrame into chunks of 5000 rows and store them in a list.,import pandas as pd,"chunks=[df.iloc[i:i+5000] for i in range(0,len(df),5000)]",Large imports are usually batched.
Upload All Chunks,ETL,Hard,"Iterate over each DataFrame chunk, convert it to CSV, and upload it to Zoho Analytics.",chunks=[],"for chunk in chunks: buf=StringIO(); chunk.to_csv(buf,index=False); requests.post(URL,headers=headers,data={""CONFIG"":config},files={""FILE"":(""chunk.csv"",buf.getvalue())})",This mirrors real ETL pipelines.
Validate Import Success,JSON Parsing,Medium,"Parse the Zoho response and print ""Success"" only if the API indicates a successful import.",response=requests.post(...),"data=response.json(); print(""Success"" if data.get(""status"")==""success"" else ""Failed"")",Always inspect API responses instead of assuming success.
Retry Failed Imports,Retry Logic,Hard,Retry an import up to three times if the response status code is not 200.,import time,for i in range(3): r=requests.post(...); if r.status_code==200: break; time.sleep(2),Network failures happen; retries improve reliability.
Build an Import Helper,OOP,Hard,"Add an import_dataframe(df, table_name) method to your ZohoAnalyticsClient that converts the DataFrame to CSV and uploads it.",class ZohoAnalyticsClient:,"def import_dataframe(self,df,table): buf=StringIO(); df.to_csv(buf,index=False); return self.session.post(...,files={""FILE"":(""data.csv"",buf.getvalue())})",Encapsulate repeated import logic in one method.
Execute SQL using Zoho Analytics API,Zoho Analytics SQL,Medium,Execute SELECT COUNT(*) FROM Products using the Zoho Analytics SQL API and print the result.,import requests,"response=requests.post(SQL_URL,headers=headers,data={""ZOHO_SQLQUERY"":""SELECT COUNT(*) FROM Products""}); print(response.json())",Zoho Analytics executes SQL through a POST request.
Export Table as CSV,Zoho Analytics,Medium,Download a Zoho Analytics table as CSV and save it to products.csv.,import requests,"r=requests.get(EXPORT_URL,headers=headers); open(""products.csv"",""wb"").write(r.content)",Use response.content for binary downloads.
Load Export into pandas,pandas,Easy,Read the exported CSV into a pandas DataFrame and print the number of rows.,import pandas as pd,"df=pd.read_csv(""products.csv""); print(len(df))",Verify exported data before importing elsewhere.
Incremental Import,ETL,Hard,"Given a DataFrame containing a last_modified column, upload only rows modified after yesterday.",import pandas as pd,"filtered=df[df[""last_modified""]>=yesterday]; ...",Incremental loads are faster than full refreshes.
Delete Rows by Criteria,Zoho Analytics,Medium,"Delete all rows whose supplier equals ""BFT"" using the Zoho delete API.","criteria=""""","criteria='(""supplier""=""BFT"")'; requests.delete(URL,headers=headers,data={""CONFIG"":json.dumps({""criteria"":criteria})})",Build the criteria string carefully.
XML Response to Dictionary,XML,Medium,Parse a supplier SOAP XML response and extract the list of products into Python dictionaries.,import xml.etree.ElementTree as ET,root=ET.fromstring(xml); ...,Your supplier scripts rely heavily on XML parsing.
XML to DataFrame,XML + pandas,Medium,"Convert the parsed supplier XML into a pandas DataFrame containing SKU, Name, Price, and Stock.",import pandas as pd,rows=[]; ...; df=pd.DataFrame(rows),Build a list of dictionaries first.
Generate Product UUID,UUID,Easy,Generate a UUID for each product if one is missing.,import uuid,"df[""uuid""]=df[""uuid""].fillna(df.apply(lambda _:str(uuid.uuid4()),axis=1))",UUIDs uniquely identify imported records.
Hash Product Record,Hashing,Hard,"Create an MD5 hash using SKU, Price, and Stock to detect product changes between imports.",import hashlib,"df[""hash""]=df.apply(lambda r: hashlib.md5(f""{r.SKU}{r.Price}{r.Stock}"".encode()).hexdigest(),axis=1)",Hashes make change detection efficient.
Detect Changed Products,ETL,Hard,Compare yesterday's DataFrame and today's DataFrame using the hash column and return only changed products.,import pandas as pd,"merged=today.merge(yesterday,on=""SKU"",suffixes=(""_new"",""_old"")); changed=merged[merged.hash_new!=merged.hash_old]",This mirrors production incremental synchronization.
Build SOAP Envelope,SOAP,Easy,Construct a SOAP XML envelope containing username and password placeholders for a supplier API request.,"username=""user""","soap=f""""""<?xml version=""1.0""?><soap:Envelope>...</soap:Envelope>""""""",Triple-quoted f-strings make XML easier to read.
Send SOAP Request,requests,Easy,Send the SOAP envelope using requests.post() with the correct Content-Type.,import requests,"requests.post(URL,data=soap,headers={""Content-Type"":""text/xml""})",SOAP APIs usually expect XML rather than JSON.
Parse SOAP Response,XML,Medium,Parse the SOAP XML response and locate the <Body> element.,import xml.etree.ElementTree as ET,"root=ET.fromstring(response.text); body=root.find("".//{*}Body"")",Ignore namespaces with {*} when appropriate.
Extract Product Nodes,XML,Medium,Extract every <Product> element from the supplier response into a list.,root=None,"products=root.findall("".//Product"")",findall() returns every matching node.
Parse XML Namespace,XML,Hard,Extract product information from XML that uses namespaces.,ns={},"ns={""soap"":""http://schemas.xmlsoap.org/soap/envelope/"",""b"":""http://tempuri.org/""}; root.findall("".//b:Product"",ns)",Namespace dictionaries are common in SOAP APIs.
Convert XML Products to DataFrame,pandas,Medium,"Build a DataFrame containing SKU, Name, Price, and Quantity from the XML response.",rows=[],rows.append({...}); df=pd.DataFrame(rows),Build a list of dictionaries before creating the DataFrame.
Handle Missing XML Fields,Data Cleaning,Medium,Replace missing Price or Quantity values with sensible defaults before creating the DataFrame.,df=None,"df[""Price""]=df[""Price""].fillna(0); df[""Quantity""]=df[""Quantity""].fillna(0)",Supplier feeds often contain incomplete data.
Flatten Nested XML,XML,Hard,Flatten nested Category → Product XML into one row per product while keeping the category name.,rows=[],for cat in root.findall(...): ...,"Outer loop over categories, inner loop over products."
Validate Supplier Feed,Validation,Medium,Raise an exception if the supplier response contains no products.,products=[],"if not products: raise ValueError(""No products returned"")",Fail fast before processing an empty feed.
Build Supplier Download Function,ETL,Hard,"Create download_supplier_products() that downloads the SOAP response, parses XML, and returns a DataFrame.",def download_supplier_products():,requests.post(...) -> ET.fromstring(...) -> DataFrame,Combine the previous nine exercises into one reusable function.
Create SupplierClient Class,OOP,Easy,"Create a SupplierClient class that stores the base URL, credentials, and a reusable requests.Session.",class SupplierClient:,class SupplierClient:\n def __init__(...):\n self.session=requests.Session(),Use one session for the entire pipeline.
Implement Login Method,Authentication,Medium,Add a login() method that authenticates with the supplier API and stores the returned token/session.,def login(self):,"r=self.session.post(...); self.token=r.json()[""token""]",Store authentication information once.
Download Products by Page,Pagination,Medium,Download products page by page until the API returns no more data.,page=1,while True:\n r=self.session.get(...)\n if not data: break,Stop when the supplier returns an empty page.
Merge Paginated Results,ETL,Medium,Combine products from all pages into a single DataFrame.,frames=[],"frames.append(df); final=pd.concat(frames,ignore_index=True)","Collect first, concatenate once."
Remove Duplicate Products,pandas,Easy,Remove duplicate products using SKU while keeping the latest record.,df=None,"df=df.drop_duplicates(""SKU"",keep=""last"")",SKU should uniquely identify a product.
Detect New Products,ETL,Hard,Compare today's feed against yesterday's and return only products whose SKU did not previously exist.,today=None,"new=today[~today[""SKU""].isin(yesterday[""SKU""])]",isin() is useful for comparisons.
Detect Deleted Products,ETL,Hard,Return products that existed yesterday but are missing from today's supplier feed.,today=None,"deleted=yesterday[~yesterday[""SKU""].isin(today[""SKU""])]",Reverse the comparison from the previous exercise.
Build ETL Statistics,Logging,Medium,"Generate a summary dictionary containing total, new, updated, deleted, and failed record counts.",stats={},"stats={""total"":len(df),""new"":...}",ETL jobs should produce summary metrics.
Write ETL Log File,Logging,Medium,Append ETL statistics to etl_log.csv with a timestamp after every run.,import csv,writer.writerow([...]),CSV logs are simple and easy to inspect.
Build Full Synchronization Pipeline,ETL Project,Hard,"Create sync_supplier() that authenticates, downloads all products, removes duplicates, detects changes, and returns four DataFrames: new, updated, deleted, and unchanged.",def sync_supplier():,login()->download()->clean()->compare()->return(...),Combine the previous nine exercises into one reusable pipeline.
Create ETL Checkpoint,Checkpointing,Medium,Save the last successfully processed page number to checkpoint.json.,import json,"json.dump({""page"":page},open(""checkpoint.json"",""w""))",Checkpoints let long-running jobs resume after interruptions.
Resume from Checkpoint,Recovery,Medium,Read checkpoint.json and continue downloading from the saved page instead of page 1.,import json,"page=json.load(open(""checkpoint.json""))[""page""]",Default to page 1 if no checkpoint exists.
Chunk Large DataFrame,pandas,Easy,"Split a DataFrame into batches of 2,000 rows for downstream processing.",batch_size=2000,"chunks=[df.iloc[i:i+batch_size] for i in range(0,len(df),batch_size)]",Chunking reduces memory usage.
Retry Failed Downloads,Retry Logic,Medium,Retry downloading a supplier page up to five times using exponential backoff.,import time,for i in range(5): ... time.sleep(2**i),Exponential backoff is better than a fixed delay.
Detect Price Changes,Incremental ETL,Hard,Compare today's and yesterday's product prices and return only products whose price changed.,merged=None,changed=merged[merged.Price_new!=merged.Price_old],Merge on SKU before comparing prices.
Detect Stock Changes,Incremental ETL,Hard,Return products whose stock quantity changed since the previous synchronization.,merged=None,stock=merged[merged.Stock_new!=merged.Stock_old],Separate stock updates from price updates.
Generate Change Report,Reporting,Medium,"Produce a DataFrame containing SKU, change type, old value, and new value.",report=[],report.append({...}); pd.DataFrame(report),A structured report helps with auditing.
Validate Required Columns,Data Validation,Medium,"Raise an exception if SKU, Name, Price, or Stock is missing from the supplier feed.",required=[],missing=set(required)-set(df.columns); if missing: raise ValueError(...),Validate before transforming data.
Upload Only Changed Records,ETL Optimization,Hard,Upload only new and updated products to Zoho Analytics instead of re-importing the full dataset.,changed=None,if not changed.empty: upload_dataframe(changed),Incremental uploads are much faster than full refreshes.
Build Incremental Sync Pipeline,ETL Project,Hard,"Implement incremental_sync() that resumes from checkpoints, downloads data, detects changes, generates a report, uploads only changed records, updates the checkpoint, and returns synchronization statistics.",def incremental_sync():,resume()->download()->compare()->upload()->save_checkpoint()->return(stats),Combine the previous nine exercises into a production-ready incremental pipeline.
Authenticate using Service Account,Google Sheets,Easy,Authenticate with Google Sheets using a service account JSON file and return a gspread client.,import gspread,"gc=gspread.service_account(""credentials.json"")",Service accounts are commonly used for backend automation.
Open Spreadsheet by Name,Google Sheets,Easy,"Open a spreadsheet named ""Supplier Dashboard"" and return the workbook object.",gc=None,"sheet=gc.open(""Supplier Dashboard"")",open() uses the spreadsheet title.
Read Worksheet into DataFrame,pandas,Medium,Read the first worksheet into a pandas DataFrame.,import pandas as pd,ws=sheet.sheet1; df=pd.DataFrame(ws.get_all_records()),get_all_records() returns a list of dictionaries.
Update Entire Worksheet,gspread,Medium,Replace all data in a worksheet with the contents of a DataFrame.,df=None,ws.clear(); ws.update([df.columns.tolist()]+df.values.tolist()),Send the header row first.
Append New Products,Google Sheets,Easy,Append new product rows to the end of an existing worksheet.,rows=[],ws.append_rows(rows),append_rows() is more efficient than one row at a time.
Batch Update Multiple Cells,Google Sheets,Medium,Update an entire range of cells in one API call instead of individual updates.,values=[],"ws.update(""A2:D100"",values)",Batch operations reduce API requests.
Synchronize DataFrame to Sheet,ETL,Hard,Compare a DataFrame with an existing worksheet and append only rows whose SKU doesn't already exist.,df=None,existing=pd.DataFrame(ws.get_all_records()); new=df[~df.SKU.isin(existing.SKU)],Avoid uploading duplicates.
Build GoogleSheetsClient,OOP,Hard,"Create a reusable GoogleSheetsClient with methods read_sheet(), write_sheet(), and append_rows().",class GoogleSheetsClient:,class GoogleSheetsClient:\n ...,Wrap repetitive logic inside a class.
Export Supplier Report,Reporting,Medium,Create a worksheet named with today's date and upload today's synchronization report.,import datetime,"name=datetime.date.today().isoformat(); sheet.add_worksheet(name,1000,20)",Daily reports are useful for auditing.
Supplier → Google Sheets Pipeline,ETL Project,Hard,"Implement export_supplier_report(df) that authenticates, creates a dated worksheet if necessary, uploads the DataFrame, freezes the header row, and returns the worksheet URL.",def export_supplier_report(df):,login()->create()->update()->freeze()->return(url),"Combine authentication, worksheet creation, formatting, and upload into one workflow."
Create BaseAPIClient,OOP,Easy,"Create a BaseAPIClient that initializes a requests.Session, stores the base URL, and default headers.",class BaseAPIClient:,"class BaseAPIClient:\n def __init__(self,url):\n self.base_url=url; self.session=requests.Session()",Avoid repeating session setup across clients.
Implement GET Wrapper,requests,Easy,"Add a get(endpoint, **kwargs) method that automatically prefixes the base URL.","def get(self,...):","return self.session.get(f""{self.base_url}/{endpoint}"",**kwargs)",Centralize request logic.
Implement POST Wrapper,requests,Easy,"Add a reusable post() method supporting json, data, and files.",def post(...):,return self.session.post(...),Most APIs need a consistent POST wrapper.
Automatic Status Validation,Error Handling,Medium,Raise an exception automatically whenever a request returns a non-2xx response.,response=None,response.raise_for_status(),Let callers assume successful responses.
Automatic Token Refresh,OAuth,Hard,"Detect HTTP 401 responses, refresh the OAuth token, update headers, and retry the original request once.",def request(...):,if r.status_code==401: refresh(); retry(),This pattern appears in many OAuth APIs.
Centralized Logging,Logging,Medium,"Log every request's method, endpoint, status code, and execution time to api.log.",import logging,"logging.info(f""..."")",Log both successes and failures.
Custom API Exceptions,OOP,Medium,"Create custom exceptions such as AuthenticationError, RateLimitError, and SupplierAPIError.",class AuthenticationError(Exception):,class RateLimitError(Exception): pass,Domain-specific exceptions improve debugging.
Configuration Class,Configuration,Medium,"Create an APIConfig dataclass containing URLs, credentials, timeouts, and retry limits.",from dataclasses import dataclass,@dataclass\nclass APIConfig: ...,Avoid scattering configuration values.
Extend BaseAPIClient,Inheritance,Hard,Refactor SupplierClient and ZohoAnalyticsClient so both inherit from BaseAPIClient.,class SupplierClient(BaseAPIClient):,super().__init__(base_url),Reuse common request behavior through inheritance.
Build Enterprise Integration SDK,Project,Hard,"Create an EnterpriseSDK that exposes supplier, zoho, and google_sheets clients while sharing configuration, logging, retries, and authentication.",class EnterpriseSDK:,self.supplier=SupplierClient(...); self.zoho=...,Think of this as the single entry point for all integrations.
Create ETLLogger,Logging,Easy,"Build an ETLLogger class that writes timestamped INFO, WARNING, and ERROR messages to etl.log.",import logging,"logging.basicConfig(...); logger=logging.getLogger(""etl"")",Use one logger throughout the pipeline.
Generate Correlation ID,Observability,Easy,Generate a UUID for each ETL run and attach it to every log entry.,import uuid,run_id=str(uuid.uuid4()),Correlation IDs make debugging much easier.
Measure API Execution Time,Performance,Medium,Create a decorator that measures how long an API function takes and logs the duration.,import time,start=time.perf_counter(); ...,Decorators are ideal for reusable timing logic.
Build Retry Decorator,Retry,Hard,Create @retry(max_attempts=3) that retries a function after network failures.,def retry(...):,for attempt in range(...): ...,This can later wrap all API calls.
Handle Rate Limits,API,Medium,Detect HTTP 429 responses and wait for the Retry-After header before retrying.,response=None,"wait=int(response.headers[""Retry-After""]); time.sleep(wait)",Many APIs expose the retry delay.
Save Failed Records,Error Recovery,Medium,Save records that fail during processing to failed_records.csv.,failed=[],pd.DataFrame(failed).to_csv(...),Failed records should never disappear silently.
Process Failed Queue,Recovery,Hard,Reload failed_records.csv and retry processing only those records.,failed=pd.read_csv(...),for row in failed.itertuples(): ...,Retry only failures instead of rerunning the whole job.
Create Pipeline Metrics,Monitoring,Medium,"Return metrics including runtime, API calls, uploaded rows, failed rows, and retry count.",metrics={},"metrics={""runtime"":...,""uploaded"":...}",Every ETL run should expose useful statistics.
Health Check Function,Monitoring,Medium,"Build health_check() that verifies the supplier API, Zoho Analytics, and Google Sheets are all reachable.",def health_check():,"return {""supplier"":...,""zoho"":...}",Check dependencies before starting a long ETL run.
Build ETLRunner,Project,Hard,"Create an ETLRunner class that performs health checks, runs the supplier synchronization, uploads to Zoho, exports reports to Google Sheets, logs metrics, retries failures, and returns a final execution summary.",class ETLRunner:,check()->download()->sync()->upload()->report()->metrics(),This class orchestrates your entire integration pipeline.
Download Multiple Suppliers Concurrently,ThreadPoolExecutor,Medium,Use ThreadPoolExecutor to download products from multiple supplier APIs simultaneously.,from concurrent.futures import ThreadPoolExecutor,"with ThreadPoolExecutor(max_workers=5) as ex: results=list(ex.map(download_supplier,suppliers))",Network I/O benefits from multithreading.
Merge Supplier DataFrames,pandas,Easy,Merge product DataFrames from multiple suppliers into one DataFrame.,frames=[],"final=pd.concat(frames,ignore_index=True)",Concatenate once after collecting all results.
Standardize Column Names,Data Cleaning,Medium,"Rename supplier-specific columns to a common schema (SKU, Name, Price, Stock).",mapping={},"df.rename(columns=mapping,inplace=True)",Standardization simplifies downstream processing.
Resolve Duplicate SKUs,Data Engineering,Hard,"Merge products from multiple suppliers, keeping the row with the most recent last_updated timestamp for duplicate SKUs.",merged=None,"df.sort_values(""last_updated"").drop_duplicates(""SKU"",keep=""last"")",Sort before dropping duplicates.
Stream Large CSV Export,Memory Optimization,Medium,Export a million-row DataFrame to CSV without creating unnecessary copies in memory.,df=None,"df.to_csv(""products.csv"",index=False,chunksize=50000)",Use chunksize for large datasets.
Upload Chunks Concurrently,Concurrency,Hard,Upload multiple DataFrame chunks to Zoho Analytics in parallel using ThreadPoolExecutor.,chunks=[],"with ThreadPoolExecutor() as ex: ex.map(upload_chunk,chunks)",Ensure each chunk is uploaded independently.
Progress Tracking,Monitoring,Medium,Display the percentage of completed uploads while processing all chunks.,completed=0,"completed+=1; print(f""{completed}/{total}"")",Track progress after each successful upload.
Build Job Summary,Reporting,Medium,"Return a summary dictionary containing supplier count, products processed, upload time, and failed uploads.",summary={},"summary={""suppliers"":...,""processed"":...}",Summaries are useful for dashboards.
Synchronize Multiple Suppliers,ETL,Hard,"Build sync_all_suppliers() that downloads data from several suppliers, standardizes schemas, merges datasets, removes duplicates, and uploads the final DataFrame to Zoho Analytics.",def sync_all_suppliers():,download()->standardize()->merge()->deduplicate()->upload(),Treat every supplier as a data source feeding the same warehouse.
Multi-Supplier ETL Manager,Project,Hard,"Create a MultiSupplierManager class that manages multiple SupplierClient objects, runs downloads concurrently, aggregates results, uploads to Zoho, exports reports to Google Sheets, and generates execution metrics.",class MultiSupplierManager:,class MultiSupplierManager:\n ...,Delegate responsibilities to the individual client classes you built in earlier parts.
Build Config Loader,Configuration,Medium,"Create a ConfigLoader class that reads supplier, Zoho, and Google Sheets configuration from a Python dictionary and validates required keys.",class ConfigLoader:,class ConfigLoader:\n def validate(...): ...,Centralize configuration instead of scattering constants.
Pipeline Dependency Graph,Architecture,Medium,Design an execution order for Supplier → Transform → Zoho → Google Sheets → Metrics using classes and methods.,class Pipeline:,run_supplier(); transform(); upload(); report(),Break large workflows into stages.
Incremental Snapshot Manager,ETL,Hard,Save today's supplier DataFrame as a snapshot and load yesterday's snapshot for comparison.,import pandas as pd,df.to_parquet(...); pd.read_parquet(...),Snapshots are useful for change detection.
Generic Change Detection Engine,Data Engineering,Hard,"Write detect_changes(old_df,new_df,key,columns) that returns inserted, updated, deleted, and unchanged DataFrames.",def detect_changes(...):,"merge(...,indicator=True)",Make the function reusable across suppliers.
Generic Data Validator,Validation,Medium,"Create a validator that checks required columns, duplicate keys, null primary keys, and invalid numeric values.",class DataValidator:,errors=[]; ...,Validation should happen before uploads.
Build Import Queue,ETL,Hard,"Convert a large DataFrame into an upload queue of 5,000-row batches with metadata like batch number and row count.",queue=[],"queue.append({""batch"":...})",Store metadata along with each batch.
Batch Executor,Orchestration,Hard,"Execute each queued batch, retry failed batches twice, and collect execution statistics.",for batch in queue:,try: upload(); except: retry(),Separate queue creation from execution.
Build ETL Dashboard Data,Reporting,Medium,"Generate a dictionary containing runtime, rows processed, rows uploaded, failures, retries, and execution status for use in a Streamlit dashboard.",dashboard={},"dashboard={""runtime"":...}",Think about what an operator would want to see.
Full Daily Pipeline,Project,Hard,"Implement run_daily_pipeline() that downloads supplier data, validates it, detects changes, queues uploads, uploads to Zoho, exports a report to Google Sheets, stores snapshots, and returns dashboard metrics.",def run_daily_pipeline():,download()->validate()->compare()->queue()->upload()->report()->snapshot(),This combines almost every concept learned so far.
Mini Integration Framework,Capstone,Hard,"Create an IntegrationFramework class that manages configuration, clients, validation, snapshots, logging, metrics, retries, uploads, reporting, and exposes a single run() method.",class IntegrationFramework:,class IntegrationFramework:\n def run(self): ...,This is the culmination of Parts 9–19.
